M001|Ali|M|ali0519@gmail.com|0127730519|980519010193|12|2|19|5|1998
M002|Alice|F|alice123@gmail.com|0111080926|960926015066|2|1|26|9|1996
M003|Ben|M|ben@gmail.com|0123391211|021211010161|3|1|11|12|2002
M004|Billie|M|billie87@gmail.com|0125890123|870123015023|8|1|23|1|1987
M005|Bai Yee Chen|M|byc0812@gmail.com|0120100812|990812013031|10|2|12|8|1999
M006|Chloe|F|chloe00@gmail.com|0110601102|001102010264|5|1|2|11|2000
M007|Chan Wen Jie|F|wenjie0605@gmail.com|0167780605|860605010158|20|2|5|6|1986
M008|Denny|M|denny@gmail.com|0110551221|981221015033|15|2|21|12|1998
M009|Ella|F|ella05@gmail.com|0127781105|001105010198|4|1|5|11|2000
M010|Emily|F|emilylim@gmail.com|0110900121|980121015022|23|3|21|1|1998
M011|Jessica|F|jessica03@gmail.com|0121190203|970103015038|21|2|3|1|1997
M012|Joan Tan|F|joantan@gmail.com|0167170012|850817015014|11|2|17|8|1985
M013|Jin Jun Yi|M|junyi05@gmail.com|0123360504|010504010133|1|1|4|5|2001
M014|Lee Yi Xiang|M|yixiang@gmail.com|0165520330|940330015061|1|1|30|3|1994
M015|Li Wen|F|liwen@gmail.com|0123269084|871201025012|2|1|1|12|1987
M016|Liu Zhi Yun|F|zhiyun98@gmail.com|0176650514|980514011234|21|3|14|5|1998
M017|Miya|F|miya@gmail.com|0111960404|880404010424|14|2|4|4|1988
M018|Mika|M|mika0605@gmail.com|0163390605|990605013011|5|1|5|6|1999
M019|Ong Li Wen|F|ongliwen@gmail.com|0110600443|020212010146|10|2|12|2|2002
M020|Wu Chen Xian|M|wcx1108@gmail.com|0125641802|951108015001|5|1|8|11|1995
